RouteStopMapIID,RouteID,StopName,Longitude,Latitude
119929,40612,EZDAN 28,,
119932,40612,EZDAN 30,,
119935,40612,WUKAIR,,
119941,40613,OLD SALATA,,
119944,40614,ABU HAMOUR,,
119945,40614,AIN KHALID,,
119946,40614,AZIZIA,,
119948,40614,MAMOURA,,
119953,40615,OLD AIRPORT,,
119963,40617,THUMAMA,,
119965,40618,NAJMA,,
119968,40619,EZDAN 24,,
119969,40619,EZDAN 28,,
119970,40619,EZDAN 29,,
119971,40619,EZDAN 30,,
119972,40619,EZDAN 31,,
119973,40619,EZDAN 37,,
119978,40619,EZDAN OASIS,,
119980,40619,WUKAIR,,
119982,40620,AL NASR,,
119983,40620,AL SAAD,,
119985,40620,BIN OMRAN,,
119986,40620,FAREEJ KHULAIB,,
119987,40620,MADINAT KHALIFA SOUTH,,
119988,40620,MARKHIYA,,
120004,40628,HILAL,,
120010,40630,ONAIZA,,
120011,40630,DAFNA,,
120012,40630,PEARL QATAR,,
120020,40612,YASMIN VILLAGE,,
120028,40633,WAKRAH,,
120035,40634,OLD AIRPORT,,
120044,40636,BIN MAHMOUD,,
120048,40637,AL SADD,,
120054,40638,AIN KHALID,,
120055,40638,ABU HAMOUR,,
120062,40639,WESTBAY,,
120063,40640,AL KHOR,,
120065,40641,MATAR KADEEM,,
120066,40641,OLD AIRPORT,,
120071,40642,NUAIJA,,
120072,40643,EZDAN OASIS,,
120075,40643,MESHAF,,
120076,40644,NAJMA,,
120080,40645,EZDAN 23,,
120081,40645,EZDAN 24,,
120082,40645,WUKAIR,,
120083,40645,EZDAN 21,,
120085,40645,EZDAN 22,,
120091,40646,THUMAMA,,
120093,40631,WAKRAH,,
120100,40647,LUQTA,,
120101,40622,OLD AIRPORT,,
120104,40622,THUMAMA,,
120117,40628,FAREEJ ABDUL AZIZ,,
120118,40628,NAJMA,,
120119,40630,MARKHIYA,,
120126,40612,EZDAN 29,,
120132,40632,EZDAN 09,,
120133,40632,EZDAN 10,,
120134,40632,EZDAN 58,,
120135,40633,AL MUFTAH VILLAGE,,
120136,40635,UMM GHWAILINA,,
120145,40638,UM AL SANEEM,,
120147,40640,THAKHIRA,,
120148,40642,NEW SALATA,,
120150,40644,MANSOURA,,
120157,40613,UMM GHWALINA,,
120159,40616,MUNTAZAH,,
120160,40616,MUSHEIREB,,
120161,40618,MANSOURA,,
120162,40619,WAKRAH,,
120163,40619,AL MUFTAH VILLAGE,,
120164,40619,EZDAN 03,,
120165,40619,EZDAN 04,,
120166,40619,MESHAF CAMPUS,,
120167,40619,EZDAN 05,,
120168,40619,EZDAN 06,,
120169,40619,EZDAN 07,,
120170,40620,GHARAFA,,
120171,40620,BIN MAHMOUD,,
120172,40621,AL KHOR - STADIUM SIDE,,
120173,40622,UMM GHWALINA,,
120174,40623,MUSHEIREB,,
120175,40623,BIN MAHMOUD,,
120176,40624,DUHAIL,,
120177,40624,GHARAFA,,
120179,40647,AL RAYYAN,,
120181,40647,MUAITHER,,
120182,40647,SHABIYATH KHALIFA,,
120184,40631,EZDAN 06,,
120185,40631,EZDAN 09,,
120186,40631,EZDAN OASIS,,
120187,40637,AL NASR,,
120188,40620,AL SADD,,
120189,40619,WAKRA,,
120196,40626,BIN OMRAN,,
120198,40626,FAREEJ KHULAIB,,
120201,40627,AL KHOR - LULU SIDE,,
120203,40628,DOHA JADEED,,
120204,40628,MANSOURA,,
120207,40629,THAKHIRA,,
120208,40639,PEARL QATAR,,
120209,40630,CITY CENTER,,
120213,40630,WEST BAY,,
120215,40622,OLD SALATA,,
120216,40649,DOHA JADEED,,
120219,40650,ABUHAMOUR,,
120221,40650,AIN KHALID,,
120222,40650,MAMOURA,,
120223,40650,NUAIJA,,
120225,40618,AL HILAL,,
120226,40651,WAKRA,,
120227,40652,MESAIEED,,
120229,40653,GHARAFA,,
120230,40653,LUQTA,,
120231,40653,RAYYAN,,
120232,40653,BANI HAJR,,
120233,40653,WAJBAH,,
120235,40654,NEW THUMAMA,,
120236,40654,BARWA CITY,,
120239,40655,OLD SALATA,,
120240,40655,OLD GHANIM,,
120242,40656,MADINAT KHALIFA SOUTH,,
120243,40656,MESSILA,,
120247,40658,MUSHEIREB,,
120249,40659,MURRAH,,
120251,40659,SAILIYA,,
120252,40659,MUAITHER,,
120253,40623,AL SAAD,,
120254,40623,AL NASAR,,
120255,40660,AL KHOR OOREDOO,,
120256,40660,AL KHOR FISH MARKET,,
120257,40625,MADINAT KHALIFA SOUTH,,
120258,40661,WUKAIR,,
120259,40661,EZDAN18,,
120260,40662,MUNTAZAH,,
120262,40663,THUMAMA,,
120263,40664,HILAL,,
120264,40665,MANSOURA,,
120265,40665,NAJMA,,
120270,40667,GHARAFA,,
120271,40667,MARKHIYA,,
120272,40667,BIN OMRAN,,
120273,40667,MADINAT KHALIFA SOUTH,,
120276,40616,NEW SALATA,,
120277,40648,EZDAN 11,,
120279,40652,WAKRAH,,
120283,40658,FAREEJ ABDUL AZIZ,,
120289,40654,MESAEMER,,
120290,40655,UMM GHWALINA,,
120293,40650,MUMTHAZA,,
120295,40650,NEW SALATA,,
120296,40623,AL HITMI,,
120297,40668,WAKRAH HOSPITAL SIDE,,
120298,40668,WAKRAH BEHIND RETAIL MART,,
120299,40669,EZDAN 3,,
120303,40672,MAMOURA,,
120304,40672,AZIZIYA,,
120305,40672,AL WAAB,,
120306,40673,MADINAT KHALIFA NORTH,,
120307,40673,LUQTA,,
120308,40673,MARKHIYA,,
120311,40670,EZDAN 04,,
120314,40671,EZDAN 05,,
120316,40648,EZDAN 08,,
120317,40674,EZDAN 07,,
120318,40674,MESHAF,,
120319,40674,EZDAN 56,,
120322,40659,BU SIDRA,,
120324,40667,AL NASR,,
120325,40667,AL SADD,,
120327,40624,KHARAITIYAT,,
120328,40675,DUHAIL,,
120329,40675,MARKHIYA,,
120330,40675,MADINAT KHALIFA NORTH,,
120331,40676,UMM GHWAILINA,,
120332,40676,RAS ABU ABOOD,,
120333,40676,BEHIND KEO,,
120336,40666,WAKRAH,,
120340,40667,FAREEJ KHULAIB,,
120341,40666,EZDAN OASIS,,
120343,40677,MANSOURA,,
120344,40678,EZDAN 37,,
120345,40678,EZDAN 39,,
120346,40678,EZDAN 40,,
120347,40678,EZDAN 31,,
120348,40664,NUAIJA,,
120349,40642,HILAL,,
120350,40678,EZDAN 33,,
120351,40666,EZDAN 05,,
120352,40666,MESHAF,,
120353,40666,EZDAN 22,,
120356,40678,WUKAIR,,
120357,40614,MESAIMER,,
120358,40614,MURRAH,,
120359,40679,THUMAMA,,
120361,40680,WAKRAH,,
120362,40680,BARWA VILLAGE,,
120363,40680,SOUQ AL HARAJ BARWA,,
120364,40681,MATAR QADEEM,,
120365,40681,OLD AIRPORT,,
120366,40681,UQBA BIN NAFFI,,
120368,40682,BIN OMRAN,,
120369,40682,FAREEJ KULAIB,,
120370,40682,NEW FEREEJ AL HITMI,,
120372,40666,EZDAN 10,,
120373,40666,EZDAN 03,,
120374,40667,BIN MEHMOUD,,
120376,40666,AL MUFTAH VILLAGE,,
120378,40629,OLD TOYOTA,,
120379,40629,BEHIND ANSAR GALLERY,,
120380,40629,BEHIND SAFARI,,
120382,40621,BEHIND KABAYAN,,
120383,40621,BEHIND POLICE STATION,,
120384,40621,AL KHOR - OLD STADIUM,,
120386,40617,OLD GHANIM,,
120387,40617,OLD SALATA,,
120388,40617,RAS BU ABOUD,,
120389,40617,DOHA JADEED,,
120390,40628,OLD GHANIM,,
120391,40683,AIN KHALID,,
120392,40683,ABU HAMOUR,,
120393,40617,MUSHERIEB,,
120394,40648,MESHAF,,
120396,40665,HILAL,,
120398,40679,MESAIMER,,
120399,40679,BARWA CITY,,
120400,40617,FAREEJ ABDUL AZIZ,,
120402,40660,BEHIND AL FARDAN,,
120403,40660,CORNICHE BEHIND LULU,,
120404,40671,MESHAF,,
120405,40666,BARWA CITY,,
120406,40631,EZDAN 05,,
120407,40684,DUHAIL,,
120408,40684,GHARAFA,,
120409,40684,RAYYAN,,
120410,40671,EZDAN 06,,
120411,40657,EZDAN OASIS,,
120412,40657,WUKAIR,,
120413,40648,UMM BESHER,,
120415,40665,NUAIJA TEYSEEY SIDE,,
120416,40616,NUAIJA LULU SIDE,,
120417,40613,THUMAMA  BEHIND ANSAR GALLERY,,
120418,40616,HILAL AL MEERA SIDE,,
120419,40613,HILAL CBQ SIDE,,
120421,40667,AL RAYYAN,,
120423,40667,SHABIYATH KHALIFA,,
120424,40666,EZDAN 30,,
120425,40666,EZDAN 56,,
120426,40670,MESHAF,,
120427,40631,WUKAIR ( T A ),,
120428,40631,EZDAN 57,,
120429,40631,WUKAIR,,
120430,40615,NEW SALATA,,
120431,40685,EZDAN OASIS BLOCK A,,
120432,40685,EZDAN OASIS BLOCK C,,
120433,40643,EZDAN OASIS BLOCK B,,
120434,40685,EZDAN OASIS BLOCK D,,
120435,40632,EZDAN 55,,
120436,40680,BARWA MADINATNA,,
120437,40670,EZDAN 56,,
120438,40672,HALOUL,,
120439,40654,BARWA MADINATNA,,
120443,40666,EZDAN 55,,
120444,40687,EZDAN 28,,
120445,40687,EZDAN 30,,
120446,40687,WUKAIR,,
120447,40687,YASMIN VILLAGE,,
120449,40688,EZDAN 09,,
120453,40689,WAKRAH,,
120454,40689,AL MUFTAH VILLAGE,,
120455,40690,OLD AIRPORT,,
120456,40691,UMM GHWAILINA,,
120457,40692,BIN MAHMOUD,,
120458,40693,AL SADD,,
120459,40693,AL NASR,,
120460,40694,AIN KHALID,,
120461,40694,ABU HAMOUR,,
120462,40694,UM AL SANEEM,,
120465,40696,AL KHOR,,
120466,40696,THAKHIRA,,
120467,40697,MATAR KADEEM,,
120468,40697,OLD AIRPORT,,
120469,40698,NUAIJA,,
120470,40698,NEW SALATA,,
120471,40698,HILAL,,
120472,40699,EZDAN OASIS,,
120474,40699,EZDAN OASIS BLOCK B,,
120475,40700,NAJMA,,
120476,40700,MANSOURA,,
120477,40701,EZDAN 23,,
120478,40701,EZDAN 24,,
120479,40701,WUKAIR,,
120480,40701,EZDAN 21,,
120481,40701,EZDAN 22,,
120482,40702,THUMAMA,,
120483,40703,EZDAN 11,,
120485,40703,MESHAF,,
120486,40703,UMM BESHER,,
120487,40704,DOHA JADEED,,
120488,40705,WAKRA,,
120489,40706,MESAIEED,,
120490,40706,WAKRAH,,
120491,40707,GHARAFA,,
120492,40707,LUQTA,,
120493,40707,RAYYAN,,
120494,40707,BANI HAJR,,
120495,40707,WAJBAH,,
120496,40708,NEW THUMAMA,,
120497,40708,BARWA CITY,,
120498,40708,MESAEMER,,
120501,40709,OLD GHANIM,,
120503,40710,MADINAT KHALIFA SOUTH,,
120504,40710,MESSILA,,
120506,40711,WUKAIR,,
120507,40712,MUSHEIREB,,
120508,40712,FAREEJ ABDUL AZIZ,,
120509,40713,MURRAH,,
120510,40713,SAILIYA,,
120511,40713,MUAITHER,,
120512,40713,BU SIDRA,,
120513,40714,WUKAIR,,
120514,40714,EZDAN18,,
120515,40715,MUNTAZAH,,
120516,40716,THUMAMA,,
120517,40717,HILAL,,
120518,40717,NUAIJA,,
120519,40718,WAKRAH HOSPITAL SIDE,,
120520,40718,WAKRAH BEHIND RETAIL MART,,
120521,40719,EZDAN 3,,
120522,40720,EZDAN 04,,
120523,40720,MESHAF,,
120524,40720,EZDAN 56,,
120526,40721,MESHAF,,
120527,40721,EZDAN 06,,
120528,40722,MAMOURA,,
120529,40722,AZIZIYA,,
120530,40722,AL WAAB,,
120531,40722,HALOUL,,
120532,40723,MADINAT KHALIFA NORTH,,
120534,40723,MARKHIYA,,
120535,40724,EZDAN 07,,
120536,40724,MESHAF,,
120539,40725,RAS ABU ABOOD,,
120541,40726,MANSOURA,,
120548,40728,WAKRAH,,
120552,40729,MATAR QADEEM,,
120553,40729,OLD AIRPORT,,
120555,40730,BIN OMRAN,,
120557,40730,NEW FEREEJ AL HITMI,,
120558,40731,AIN KHALID,,
120559,40731,ABU HAMOUR,,
120560,40732,DUHAIL,,
120561,40732,GHARAFA,,
120563,40733,EZDAN OASIS BLOCK A,,
120564,40733,EZDAN OASIS BLOCK C,,
120565,40733,EZDAN OASIS BLOCK D,,
120566,40734,EZDAN 10,,
120567,40734,EZDAN 08,,
120568,40735,EZDAN 05,,
120569,40736,WAKRA BEACH SIDE,,
120570,40736,WAKRA QNB SIDE,,
120571,40737,AL KHOR - STADIUM SIDE,,
120572,40737,BEHIND KABAYAN,,
120575,40738,OLD AIRPORT,,
120577,40738,UMM GHWALINA,,
120578,40738,OLD SALATA,,
120579,40739,MUSHEIREB,,
120580,40739,BIN MAHMOUD,,
120581,40739,AL SAAD,,
120582,40739,AL NASAR,,
120583,40739,AL HITMI,,
120584,40740,DUHAIL,,
120585,40740,GHARAFA,,
120586,40740,KHARAITIYAT,,
120587,40741,MADINAT KHALIFA SOUTH,,
120588,40742,BIN OMRAN,,
120589,40742,FAREEJ KHULAIB,,
120590,40743,AL KHOR - LULU SIDE,,
120592,40744,FAREEJ ABDUL AZIZ,,
120593,40744,NAJMA,,
120594,40744,DOHA JADEED,,
120595,40744,MANSOURA,,
120596,40744,OLD GHANIM,,
120598,40745,OLD TOYOTA,,
120599,40745,BEHIND ANSAR GALLERY,,
120601,40746,ONAIZA,,
120602,40746,DAFNA,,
120603,40746,PEARL QATAR,,
120604,40746,MARKHIYA,,
120605,40746,CITY CENTER,,
120606,40746,WEST BAY,,
120609,40747,EZDAN 09,,
120610,40747,EZDAN OASIS,,
120611,40747,EZDAN 05,,
120612,40747,WUKAIR ( T A ),,
120614,40747,WUKAIR,,
120615,40748,LUQTA,,
120616,40748,AL RAYYAN,,
120617,40748,MUAITHER,,
120618,40748,SHABIYATH KHALIFA,,
120619,40749,ABUHAMOUR,,
120620,40749,AIN KHALID,,
120621,40749,MAMOURA,,
120622,40749,NUAIJA,,
120623,40749,MUMTHAZA,,
120624,40749,NEW SALATA,,
120625,40750,AL KHOR OOREDOO,,
120626,40750,AL KHOR FISH MARKET,,
120628,40750,CORNICHE BEHIND LULU,,
120629,40751,DUHAIL,,
120631,40751,MADINAT KHALIFA NORTH,,
120633,40752,UMM GHWALINA,,
120636,40753,ABU HAMOUR,,
120637,40753,AIN KHALID,,
120638,40753,AZIZIA,,
120639,40753,MAMOURA,,
120641,40753,MURRAH,,
120642,40754,OLD AIRPORT,,
120644,40755,MUNTAZAH,,
120646,40755,NEW SALATA,,
120650,40756,OLD GHANIM,,
120651,40756,OLD SALATA,,
120652,40756,RAS BU ABOUD,,
120653,40756,DOHA JADEED,,
120654,40756,MUSHERIEB,,
120655,40756,FAREEJ ABDUL AZIZ,,
120660,40758,WAKRAH,,
120665,40758,EZDAN 10,,
120666,40758,EZDAN 03,,
120667,40758,AL MUFTAH VILLAGE,,
120671,40758,EZDAN 55,,
120672,40759,GHARAFA,,
120674,40759,BIN OMRAN,,
120675,40759,MADINAT KHALIFA SOUTH,,
120676,40759,AL NASR,,
120677,40759,AL SADD,,
120678,40759,FAREEJ KHULAIB,,
120679,40759,BIN MEHMOUD,,
120682,40760,THUMAMA,,
120685,40761,AL THAKHIRA,,
120694,40715,RAWDAT AL KHAIL,,
120695,40760,THUMAMA  KAHRAMAA SIDE,,
120696,40760,THUMAMA HEALTH CENTER SIDE,,
120697,40760,BEHIND ANSAR GALLERY,,
120698,40762,EV 04,,
120699,40762,EV 05,,
120702,40762,EV 22,,
120705,40762,EZDAN OASIS,,
120706,40762,WUKAIR T / ACCOMMODATION,,
120707,40762,MESHAF,,
120710,40762,EV 22,,
120711,40757,NUAIJA LULU SIDE,,
120716,40737,AL KHOR BEHIND KABAYAN,,
120717,40745,AL KHOR OLD TOYOTA  SIDE,,
120718,40745,AL KHOR BEHIND POLICE STATION,,
120719,40745,AL KHOR BEHIND HABARI,,
120720,40745,AL KHOR OLD SPORTS CLUB,,
120721,40737,AL KHOR BEHIND ANSAR GALLERY,,
120722,40737,AL KHOR BEHIND SAFARI,,
120723,40761,AL KHOR BEHIND OOREDOO,,
120724,40761,AL KHOR BEHIND AL FARDAN,,
120725,40752,NAJMA,,
120726,40757,NUAIJA TEYSEER SIDE,,
120727,40755,MAMOURA,,
120728,40762,BARWA CITY,,
120729,40762,MESAIMEER,,
120730,40743,AL KHOR BEHIND NISSAN SHOW ROOM,,
120733,40761,AL KHOR AL SULTAN BEACH,,
120734,40750,AL KHOR CORNICHE BEHIND LULU,,
120736,40725,OLD SALATA,,
120737,40709,BEHIND KEO,,
120738,40734,EZDAN 55,,
120739,40734,EZDAN 58,,
120740,40738,HILAL AL MEERA,,
120741,40738,HILAL CBQ,,
120743,40744,UMM GHWALINA,,
120744,40705,WAKRA BEHIND KIMS,,
120745,40749,NUAIJA TEYSEER SIDE,,
120747,40762,WUKAIR,,
120748,40759,AL HITMI,,
120749,40749,AL WAAB,,
120750,40687,EZDAN 27,,
120751,40689,WAKRA - BHND CBQ,,
120754,40763,EZDAN 33,,
120755,40763,EZDAN 31,,
120757,40706,WAKRA NR NEW RETAIL MART,,
120758,40706,WAKRA JANOUB STADIUM,,
120759,40741,AL MESSILA,,
120760,40764,HILAL CBQ SIDE,,
120761,40764,HILAL AL MEERA SIDE,,
120762,40764,AL MANSOURA,,
120763,40733,JERRY MUSABA,,
120764,40765,BARWA VILLAGE,,
120765,40765,SOUQ AL HARAJ,,
120766,40765,BARWA MADINATNA,,
120768,40758,AL MADINATHNA,,
120769,40735,EZDAN 04,,
120770,40710,FAREEJ KHULAIB,,
120771,40747,MESHAF,,
120772,40751,MARKHIYA MRA,,
120774,40762,EV 07,,
120775,40687,STAFF,,
120776,40688,STAFF,,
120777,40689,STAFF,,
120778,40690,STAFF,,
120779,40691,STAFF,,
120780,40692,STAFF,,
120781,40694,STAFF,,
120782,40695,STAFF,,
120783,40696,STAFF,,
120784,40697,STAFF,,
120785,40698,STAFF,,
120786,40699,STAFF,,
120787,40700,STAFF,,
120788,40701,STAFF,,
120789,40702,STAFF,,
120790,40703,STAFF,,
120791,40704,STAFF,,
120792,40706,STAFF,,
120793,40707,STAFF,,
120794,40708,STAFF,,
120795,40711,STAFF,,
120796,40709,STAFF,,
120797,40710,STAFF,,
120798,40712,STAFF,,
120799,40713,STAFF,,
120800,40705,STAFF,,
120801,40714,STAFF,,
120802,40715,STAFF,,
120803,40716,STAFF,,
120804,40717,STAFF,,
120805,40718,STAFF,,
120806,40719,STAFF,,
120807,40720,STAFF,,
120808,40721,STAFF,,
120809,40723,STAFF,,
120810,40722,STAFF,,
120811,40724,STAFF,,
120812,40725,STAFF,,
120813,40726,STAFF,,
120814,40727,STAFF,,
120815,40728,STAFF,,
120816,40729,STAFF,,
120817,40730,STAFF,,
120818,40731,STAFF,,
120819,40732,STAFF,,
120820,40733,STAFF,,
120821,40734,STAFF,,
120822,40735,STAFF,,
120823,40736,STAFF,,
120824,40763,STAFF,,
120825,40765,STAFF,,
120826,40766,THUMAMA STADIUM SIDE,,
120827,40766,THUMAMA HEALTH CENTER SIDE,,
120828,40748,STAFF,,
120829,40693,STAFF,,
120830,40742,MARKHIYA QSC SIDE,,
120831,40742,STAFF,,
120832,40766,STAFF,,
120833,40761,STAFF,,
120834,40751,STAFF,,
120835,40746,STAFF,,
120836,40749,STAFF,,
120837,40741,STAFF,,
120839,40750,STAFF,,
120840,40744,STAFF,,
120841,40740,STAFF,,
120842,40739,STAFF,,
120843,40745,STAFF,,
120844,40743,STAFF,,
120845,40738,STAFF,,
120846,40737,STAFF,,
120847,40752,STAFF,,
120848,40757,STAFF,,
120849,40758,STAFF,,
120850,40753,STAFF,,
120851,40759,STAFF,,
120852,40754,STAFF,,
120853,40755,STAFF,,
120854,40760,STAFF,,
120855,40756,STAFF,,
120856,40762,STAFF,,
120857,40764,STAFF,,
120858,40758,BARWA VILLAGE,,
120859,40765,BARWA MADINATNA - B,,
120860,40747,EZDAN 23,,
120861,40761,AL KHOR BEHIND QNB,,
120863,40758,EZDAN 11,,
120864,40767,EZDAN OASIS D BLOCK,,
120865,40767,JERRY MUSSABEH,,
120866,40767,EZDAN OASIS B BLOCK,,
120867,40767,STAFF,,
120868,40734,EZDAN 57,,
120869,40753,MURAIKH AL RAYYAN,,
120870,40753,SHABIYAT KHALIFA,,
120871,40731,UM AL SANEEM,,
120872,40747,EZDAN 04,,
120873,40747,EZDAN  06,,
120874,40752,KEO ( BEHIND OOREDOO ),,
120875,40755,ABU HAMOUR,,
120876,40714,EZDAN 24,,
120877,40763,EZDAN 37,,
120878,40763,EZDAN 40,,
120879,40763,WUKAIR,,
120880,40758,F RING  BARWA VILLAGE SIDE,,
120881,40763,EZDAN 39,,
120882,40760,THUMAMA BEHIND ANSAR GALLERY,,
120883,40742,BEHIND AL AHLI  HOSPITAL,,
120884,40750,AL SULTAN BEACH,,
120885,40749,AZIZIYA,,
120886,40734,MESHAF,,
120887,40727,BARWA MADINATNA,,
120888,40727,BARWA VILLAGE,,
120890,40727,SOUQ AL HARAJ,,
120891,40746,LUSAIL,,
120892,40687,SAFWA COMPOUND,,
120893,40751,DAFNA BEHIND AL MEERA,,
120894,40740,DUHAIL SOUTH ( BEHIND LANDMARK ),,
120895,40746,LEGTAIFIYA,,
120896,40762,EV 06,,
120897,40753,AL SUDAN,,
120898,40723,WESTBAY,,
120899,40732,WESTBAY,,
120900,40732,PEARL QATAR,,
120901,40695,WAKRAH BHND CBQ,,
120902,40695,WAKRAH BHND KIMS,,
120903,40758,F RING NEW THUMAMA COMPLEX SIDE,,
120904,40703,EZDAN JANOUB GARDEN,,
120905,40768,EZDAN 28,,
120906,40768,EZDAN 30,,
120907,40768,WUKAIR,,
120908,40768,YASMIN VILLAGE,,
120909,40768,EZDAN 27,,
120910,40768,STAFF,,
120911,40768,SAFWA COMPOUND,,
120912,40769,EZDAN 09,,
120913,40769,STAFF,,
120915,40770,AL MUFTAH VILLAGE,,
120917,40770,STAFF,,
120918,40771,OLD AIRPORT,,
120919,40771,STAFF,,
120920,40772,UMM GHWAILINA,,
120921,40772,STAFF,,
120922,40773,BIN MAHMOUD,,
120923,40773,STAFF,,
120924,40774,AL SADD,,
120925,40774,AL NASR,,
120926,40774,STAFF,,
120927,40775,AIN KHALID,,
120928,40775,ABU HAMOUR,,
120929,40775,UM AL SANEEM,,
120930,40775,STAFF,,
120931,40776,STAFF,,
120934,40777,AL KHOR,,
120935,40777,THAKHIRA,,
120936,40777,STAFF,,
120937,40778,MATAR KADEEM,,
120938,40778,OLD AIRPORT,,
120939,40778,STAFF,,
120944,40780,EZDAN OASIS,,
120945,40780,EZDAN OASIS BLOCK B,,
120946,40780,STAFF,,
120947,40781,NAJMA,,
120948,40781,MANSOURA,,
120949,40781,STAFF,,
120950,40782,EZDAN 23,,
120951,40782,EZDAN 24,,
120952,40782,WUKAIR,,
120953,40782,EZDAN 21,,
120954,40782,EZDAN 22,,
120955,40782,STAFF,,
120956,40783,THUMAMA,,
120957,40783,STAFF,,
120958,40784,EZDAN 11,,
120960,40784,UMM BESHER,,
120961,40784,STAFF,,
120963,40785,DOHA JADEED,,
120964,40785,STAFF,,
120965,40786,WAKRA,,
120967,40786,STAFF,,
120973,40788,GHARAFA,,
120974,40788,LUQTA,,
120975,40788,RAYYAN,,
120976,40788,BANI HAJR,,
120978,40788,STAFF,,
120979,40789,NEW THUMAMA,,
120980,40789,BARWA CITY,,
120981,40789,MESAEMER,,
120982,40789,STAFF,,
120986,40791,MADINAT KHALIFA SOUTH,,
120987,40791,MESSILA,,
120988,40791,FAREEJ KHULAIB,,
120989,40791,STAFF,,
120990,40792,WUKAIR,,
120991,40792,STAFF,,
120992,40793,MUSHEIREB,,
120993,40793,FAREEJ ABDUL AZIZ,,
120994,40793,STAFF,,
120995,40794,MURRAH,,
120996,40794,SAILIYA,,
120997,40794,MUAITHER,,
120998,40794,BU SIDRA,,
120999,40794,STAFF,,
121000,40795,WUKAIR,,
121002,40795,STAFF,,
121004,40796,MUNTAZAH,,
121005,40796,RAWDAT AL KHAIL,,
121006,40796,STAFF,,
121007,40797,THUMAMA,,
121008,40797,STAFF,,
121009,40798,HILAL,,
121010,40798,NUAIJA,,
121011,40798,STAFF,,
121012,40799,WAKRAH HOSPITAL SIDE,,
121013,40799,WAKRAH BEHIND RETAIL MART,,
121014,40799,STAFF,,
121015,40800,EZDAN 3,,
121016,40800,STAFF,,
121017,40801,EZDAN 04,,
121020,40801,STAFF,,
121021,40802,MESHAF,,
121022,40802,EZDAN 06,,
121023,40802,STAFF,,
121024,40803,MAMOURA,,
121025,40803,AZIZIYA,,
121026,40803,AL WAAB,,
121028,40803,STAFF,,
121029,40804,MADINAT KHALIFA NORTH,,
121030,40804,MARKHIYA,,
121031,40804,STAFF,,
121032,40804,WESTBAY,,
121033,40805,EZDAN 07,,
121034,40805,MESHAF,,
121035,40805,STAFF,,
121036,40806,RAS ABU ABOOD,,
121037,40806,OLD SALATA,,
121038,40806,STAFF,,
121039,40807,MANSOURA,,
121040,40807,STAFF,,
121041,40808,STAFF,,
121042,40808,BARWA MADINATNA,,
121043,40808,BARWA VILLAGE,,
121044,40808,SOUQ AL HARAJ,,
121045,40809,WAKRAH,,
121046,40809,STAFF,,
121047,40810,MATAR QADEEM,,
121048,40810,OLD AIRPORT,,
121049,40810,STAFF,,
121050,40811,BIN OMRAN,,
121051,40811,NEW FEREEJ AL HITMI,,
121052,40811,STAFF,,
121054,40812,ABU HAMOUR,,
121055,40812,STAFF,,
121057,40813,DUHAIL,,
121058,40813,GHARAFA,,
121059,40813,STAFF,,
121060,40813,WESTBAY,,
121061,40813,PEARL QATAR,,
121062,40814,EZDAN OASIS BLOCK A,,
121063,40814,EZDAN OASIS BLOCK C,,
121066,40814,STAFF,,
121067,40815,EZDAN 10,,
121068,40815,EZDAN 08,,
121069,40815,EZDAN 55,,
121070,40815,EZDAN 58,,
121071,40815,STAFF,,
121073,40815,MESHAF,,
121074,40816,EZDAN 05,,
121076,40816,STAFF,,
121077,40817,WAKRA BEACH SIDE,,
121079,40817,STAFF,,
121089,40819,BARWA MADINATNA,,
121090,40819,STAFF,,
121091,40819,BARWA MADINATNA - B,,
121092,40820,EZDAN OASIS D BLOCK,,
121095,40820,STAFF,,
121096,40821,UMM GHWALINA,,
121097,40821,NAJMA,,
121098,40821,STAFF,,
121100,40822,ABU HAMOUR,,
121101,40822,AIN KHALID,,
121102,40822,AZIZIA,,
121105,40822,STAFF,,
121106,40822,MURAIKH AL RAYYAN,,
121107,40822,SHABIYAT KHALIFA,,
121108,40822,AL SUDAN,,
121109,40823,OLD AIRPORT,,
121110,40823,STAFF,,
121111,40824,MUNTAZAH,,
121112,40824,NEW SALATA,,
121113,40824,MAMOURA,,
121114,40824,STAFF,,
121115,40824,ABU HAMOUR,,
121116,40825,OLD GHANIM,,
121117,40825,OLD SALATA,,
121120,40825,MUSHERIEB,,
121122,40825,STAFF,,
121123,40826,NUAIJA LULU SIDE,,
121124,40826,NUAIJA TEYSEER SIDE,,
121125,40826,STAFF,,
121126,40827,WAKRAH,,
121129,40827,AL MUFTAH VILLAGE,,
121131,40827,AL MADINATHNA,,
121132,40827,STAFF,,
121136,40827,F RING NEW THUMAMA COMPLEX SIDE,,
121138,40828,BIN OMRAN,,
121139,40828,MADINAT KHALIFA SOUTH,,
121140,40828,AL NASR,,
121141,40828,AL SADD,,
121144,40828,AL HITMI,,
121145,40828,STAFF,,
121146,40829,THUMAMA,,
121147,40829,THUMAMA  KAHRAMAA SIDE,,
121148,40829,THUMAMA HEALTH CENTER SIDE,,
121150,40829,STAFF,,
121151,40829,THUMAMA BEHIND ANSAR GALLERY,,
121154,40830,EV 22,,
121155,40830,EZDAN OASIS,,
121159,40830,BARWA CITY,,
121161,40830,WUKAIR,,
121163,40830,STAFF,,
121165,40831,HILAL CBQ SIDE,,
121166,40831,HILAL AL MEERA SIDE,,
121167,40831,AL MANSOURA,,
121168,40831,STAFF,,
121169,40832,AL KHOR - STADIUM SIDE,,
121170,40832,BEHIND KABAYAN,,
121171,40832,AL KHOR BEHIND KABAYAN,,
121172,40832,AL KHOR BEHIND ANSAR GALLERY,,
121173,40832,AL KHOR BEHIND SAFARI,,
121174,40832,STAFF,,
121176,40833,UMM GHWALINA,,
121177,40833,OLD SALATA,,
121180,40833,STAFF,,
121181,40834,MUSHEIREB,,
121182,40834,BIN MAHMOUD,,
121183,40834,AL SAAD,,
121184,40834,AL NASAR,,
121185,40834,AL HITMI,,
121186,40834,STAFF,,
121188,40835,GHARAFA,,
121189,40835,KHARAITIYAT,,
121190,40835,STAFF,,
121192,40836,MADINAT KHALIFA SOUTH,,
121193,40836,AL MESSILA,,
121194,40836,STAFF,,
121195,40837,BIN OMRAN,,
121196,40837,FAREEJ KHULAIB,,
121197,40837,MARKHIYA QSC SIDE,,
121198,40837,STAFF,,
121199,40837,BEHIND AL AHLI  HOSPITAL,,
121200,40838,AL KHOR - LULU SIDE,,
121201,40838,AL KHOR BEHIND NISSAN SHOW ROOM,,
121202,40838,STAFF,,
121204,40839,NAJMA,,
121206,40839,MANSOURA,,
121209,40839,STAFF,,
121212,40840,AL KHOR OLD TOYOTA  SIDE,,
121213,40840,AL KHOR BEHIND POLICE STATION,,
121214,40840,AL KHOR BEHIND HABARI,,
121215,40840,AL KHOR OLD SPORTS CLUB,,
121216,40840,STAFF,,
121217,40841,ONAIZA,,
121218,40841,DAFNA,,
121219,40841,PEARL QATAR,,
121221,40841,CITY CENTER,,
121223,40841,STAFF,,
121224,40841,LUSAIL,,
121225,40841,LEGTAIFIYA,,
121226,40842,EZDAN 09,,
121227,40842,EZDAN OASIS,,
121228,40842,EZDAN 05,,
121229,40842,WUKAIR ( T A ),,
121230,40842,WUKAIR,,
121231,40842,MESHAF,,
121234,40842,EZDAN  06,,
121235,40843,LUQTA,,
121236,40843,AL RAYYAN,,
121237,40843,MUAITHER,,
121238,40843,SHABIYATH KHALIFA,,
121239,40843,STAFF,,
121240,40844,ABUHAMOUR,,
121241,40844,AIN KHALID,,
121242,40844,MAMOURA,,
121246,40844,NUAIJA TEYSEER SIDE,,
121248,40844,STAFF,,
121250,40845,AL KHOR OOREDOO,,
121251,40845,AL KHOR FISH MARKET,,
121252,40845,CORNICHE BEHIND LULU,,
121253,40845,AL KHOR CORNICHE BEHIND LULU,,
121254,40845,STAFF,,
121255,40845,AL SULTAN BEACH,,
121257,40846,MADINAT KHALIFA NORTH,,
121258,40846,MARKHIYA MRA,,
121259,40846,STAFF,,
121260,40846,DAFNA BEHIND AL MEERA,,
121267,40848,THUMAMA STADIUM SIDE,,
121268,40848,THUMAMA HEALTH CENTER SIDE,,
121269,40848,STAFF,,
121270,40828,MADINAT KHALIFA NORTH,,
121272,40788,SHABIYAT KHALIFA,,
121273,40849,WUKAIR,,
121274,40849,EZDAN 37,,
121275,40849,EZDAN 31,,
121276,40849,STAFF,,
121277,40850,WAKRAH,,
121278,40850,WAKRAH JABAL,,
121279,40850,STAFF,,
121280,40851,MESHAF,,
121281,40851,STAFF,,
121282,40852,AL NASR,,
121283,40852,AL SADD,,
121284,40852,STAFF,,
121285,40853,ABU HAMOUR,,
121286,40853,STAFF,,
121287,40854,OLD AIRPORT,,
121288,40854,STAFF,,
121289,40855,OLD GHANIM,,
121290,40855,UMM GHWALINA,,
121291,40855,OLD SALATA,,
121292,40855,BHND KEO,,
121293,40855,STAFF,,
121294,40856,MUSHEREIB,,
121295,40856,FAREEJ ABDUL AZIZ,,
121296,40856,STAFF,,
121297,40857,HILAL,,
121298,40857,NUAIJA,,
121299,40857,STAFF,,
121300,40851,UMM BASHER,,
121301,40851,EZDAN AL JANOUB,,
121302,40858,THUMAMA HEALTH CENTER,,
121303,40858,THUMAMA KAHRAMA,,
121304,40858,THUMAMA B SQUARE MALL,,
121305,40858,NEW THUMAMA,,
121306,40858,STAFF,,
121307,40852,GHARAFA,,
121308,40856,DOHA JADEED,,
121309,40859,AL RAYAAN,,
121310,40859,LUQTA,,
121311,40859,SHABIAYT KHALIFA,,
121312,40859,GHARAFA,,
121313,40859,STAFF,,
121314,40849,EZDAN OASIS A BLOCK,,
121315,40849,EZDAN OASIS B BLOCK,,
121316,40849,EZDAN OASIS C BLOCK,,
121317,40849,EZDAN OASIS D BLOCK,,
121318,40858,BARWA MADINATNA G,,
121319,40860,BARWA MADINATNA,,
121320,40860,BARWA VILLAGE,,
121321,40860,STAFF,,
121322,40861,BIN OMRAN,,
121323,40861,FAREEJ KHULAIB,,
121324,40861,STAFF,,
121325,40852,BIN MAHMOUD,,
121326,40850,WAKRAH SPORTS CLUB,,
121327,40857,NEW SALATA,,
121328,40850,WAKRAH QNB SIDE,,
121329,40850,WAKRAH BHND RETAIL MART,,
121330,40835,UMM SLAL MOHAMMED,,
121332,40861,MADINATH KHALIFA SOUTH,,
121333,40804,ONAIZA,,
121334,40825,BIN MAHMOUD,,
121335,40831,DOHA JADEED,,
121336,40831,ABDUL AZIZ,,
121337,40855,MANSOURA,,
121338,40855,NAJMA,,
121340,40858,MESAIMEER MASAKEEN,,
121341,40830,EV 18,,
121342,40858,BARWA CITY,,
121344,40843,DUHAIL ( BEHIND LAND MARK ),,
121345,40849,EZDAN 30,,
121346,40830,EV 30,,
121347,40862,F RING ( NEW THUMAMA ),,
121348,40862,AL JANOUB GARDEN (OPPO EV03 ),,
121349,40862,EV 04,,
121350,40862,EV 05,,
121351,40862,EV 06,,
121352,40862,EV 03,,
121353,40862,EV 07,,
121354,40862,EV 10,,
121355,40862,EV 11,,
121356,40862,EV 55,,
121357,40862,MESHAF,,
121358,40801,AL JANOUB GARDEN,,
121359,40802,EZDAN 56,,
121361,40859,BU SIDRA,,
121362,40792,WUKAIR - STAFF,,
121363,40792,EZDAN 06 - STAFF,,
121364,40858,MESAIMEER ARIANA,,
121365,40813,UMMSLAL ALI,,
121366,40853,AIN KHALID,,
121367,40859,AL SOUDAN,,
121368,40830,EV 31,,
121369,40859,AZIZIYA,,
121370,40833,OLD AL GHANIM,,
121371,40844,OLD AIRPORT,,
121372,40833,FAREEJ ABDUL AZIZ,,
121373,40833,DOHA JADEED,,
121374,40839,HILAL AL MEERA SIDE,,
121375,40839,HILAL CBQ SIDE,,
121376,40839,MUMTHAZA,,
121377,40839,NEW SALATA,,
121380,40769,JANOUB GARDEN CENTRAL PARK-2,,
121381,40830,EV 39,51.552808,25.143944
121382,40830,EV 21,,
121383,40863,JERRY MUSSABAH,,
121384,40863,EZDAN OASIS BLOCK - B,,
121385,40863,WUKAIR - MUAITHER,,
121386,40863,STAFF,,
121388,40769,JANOUB GARDEN (OPP. EV 11),,
121389,40804,LEJBAILAT,,
121391,40849,EZDAN 40,,
121392,40785,OLD GHANIM,,
121393,40785,BEHIND KEO,,
121394,40863,WAKRAH SOUTH WEST,,
121395,40863,EZDAN 35,,
121396,40799,WAKRAH SOUTH,,
121397,40799,WAKRAH JANOUB STADIUM,,
121398,40863,MESAIEED,,
121399,40828,PEARL QATAR,,
121401,40827,MESAIEED,,
121402,40862,WUKAIR T / A,,
121403,40804,LEBDAY,,
121404,40803,FAREEJ AL SOUDAN,,
121405,40833,AL WAKRAH,,
121406,40814,EZDAN OASIS BLOCK B,,
121407,40862,STAFF,,
121408,40786,WAKRAH SOUTH,,
121409,40786,WAKRAH (OOREDOO),,
121410,40842,STAFF,,
121411,40809,WAKRAH QNB SIDE,,
121412,40809,WAKRAH SOUQ SIDE,,
121413,40817,WAKRAH BHND CBQ,,
121414,40768,EZDAN 31,,
121415,40768,EZDAN 33,,
121416,40768,EZDAN 36,,
121417,40768,EZDAN 37,,
121418,40768,EZDAN 39,,
121419,40768,EZDAN 40,,
121420,40770,WAKRAH NEAR PHCC,,
121421,40862,EV 09,,
121422,40796,NEW SALATA,,
121423,40798,FAREEJ AL ALI,,
121424,40840,AL THAKHIRA,,
121425,40845,AL KHOR BEHIND ALFARDAN,,
121426,40845,AL KHOR BEHIND QNB,,
121427,40819,BARWA MADINATNA - G,,
121428,40862,EV 56,,
121429,40852,NEW FAREEJ AL HITMI,,
121430,40773,RAWDAT AL KHAIL,,
121431,40842,AL JANOUB GARDEN,,
121432,40843,MURRAH,,
121433,40795,EZDAN 20 ZAHRAT AL JANOUB,,
121434,40783,NEW THUMAMA (BHND FREE ZONE),,
121435,40783,THUMAMA (HEALTH CENTRE SIDE),,
121436,40783,THUMAMA (AL FURJAN 36 SIDE),,
121437,40849,YASMIN VILLAGE,,
121438,40781,RAWDAT AL KHAIL STREET,,
121439,40843,AIN KHALID,,
121440,40817,WAKRAH BHND KIMS,,
121441,40804,LEKBA (DUHAIL SOUTH),,
121442,40849,EZDAN 28,,
121443,40844,NUAIJA LULU SIDE,,
121444,40830,EZDAN 24,,
121445,40821,AL MANSOURA,,
121446,40830,EZDAN 20,,
121447,40822,BARWA CITY,,
121448,40864,EZDAN 28,,
121449,40864,EZDAN 30,,
121451,40864,YASMIN VILLAGE,,
121452,40864,EZDAN 27,,
121453,40864,STAFF,,
121454,40864,SAFWA COMPOUND,,
121455,40864,EZDAN 31,,
121456,40864,EZDAN 33,,
121457,40864,EZDAN 36,,
121459,40864,EZDAN 39,,
121460,40864,EZDAN 40,,
121461,40865,EZDAN 09,,
121462,40865,STAFF,,
121465,40866,AL MUFTAH VILLAGE,,
121466,40866,STAFF,,
121467,40866,WAKRAH NEAR PHCC,,
121468,40867,OLD AIRPORT,,
121469,40867,STAFF,,
121470,40868,UMM GHWAILINA,,
121471,40868,STAFF,,
121472,40869,BIN MAHMOUD,,
121473,40869,STAFF,,
121474,40869,RAWDAT AL KHAIL,,
121475,40870,AL SADD,,
121476,40870,AL NASR,,
121477,40870,STAFF,,
121478,40871,AIN KHALID,,
121479,40871,ABU HAMOUR,,
121480,40871,UM AL SANEEM,,
121481,40871,STAFF,,
121482,40872,AL KHOR,,
121483,40872,THAKHIRA,,
121484,40872,STAFF,,
121486,40873,EZDAN OASIS BLOCK B,,
121487,40873,STAFF,,
121488,40874,NAJMA,,
121490,40874,STAFF,,
121491,40874,RAWDAT AL KHAIL STREET,,
121492,40875,EZDAN 23,,
121493,40875,EZDAN 24,,
121494,40875,WUKAIR,,
121495,40875,EZDAN 21,,
121496,40875,EZDAN 22,,
121497,40875,STAFF,,
121498,40876,THUMAMA,,
121499,40876,STAFF,,
121500,40876,NEW THUMAMA (BHND FREE ZONE),,
121501,40876,THUMAMA (HEALTH CENTRE SIDE),,
121505,40877,STAFF,,
121506,40878,DOHA JADEED,,
121507,40878,STAFF,,
121508,40878,OLD GHANIM,,
121509,40878,BEHIND KEO,,
121511,40879,STAFF,,
121512,40879,WAKRAH SOUTH,,
121513,40879,WAKRAH (OOREDOO),,
121514,40880,GHARAFA,,
121515,40880,LUQTA,,
121516,40880,RAYYAN,,
121517,40880,BANI HAJR,,
121518,40880,STAFF,,
121519,40880,SHABIYAT KHALIFA,,
121521,40881,BARWA CITY,,
121522,40881,MESAEMER,,
121523,40881,STAFF,,
121524,40882,MADINAT KHALIFA SOUTH,,
121525,40882,MESSILA,,
121527,40882,STAFF,,
121528,40883,WUKAIR,,
121529,40883,STAFF,,
121530,40883,WUKAIR - STAFF,,
121532,40884,MUSHEIREB,,
121533,40884,FAREEJ ABDUL AZIZ,,
121534,40884,STAFF,,
121535,40885,MURRAH,,
121536,40885,SAILIYA,,
121537,40885,MUAITHER,,
121538,40885,BU SIDRA,,
121539,40885,STAFF,,
121540,40886,WUKAIR,,
121541,40886,STAFF,,
121542,40886,EZDAN 20 ZAHRAT AL JANOUB,,
121543,40887,MUNTAZAH,,
121544,40887,RAWDAT AL KHAIL,,
121545,40887,STAFF,,
121547,40888,THUMAMA,,
121548,40888,STAFF,,
121549,40889,HILAL,,
121550,40889,NUAIJA,,
121551,40889,STAFF,,
121553,40890,WAKRAH HOSPITAL SIDE,,
121554,40890,WAKRAH BEHIND RETAIL MART,,
121555,40890,STAFF,,
121556,40890,WAKRAH SOUTH,,
121557,40890,WAKRAH JANOUB STADIUM,,
121558,40891,EZDAN 3,,
121559,40891,STAFF,,
121561,40892,STAFF,,
121562,40892,AL JANOUB GARDEN,,
121563,40893,MESHAF,,
121564,40893,EZDAN 06,,
121565,40893,STAFF,,
121566,40893,EZDAN 56,,
121567,40894,MAMOURA,,
121568,40894,AZIZIYA,,
121569,40894,AL WAAB,,
121570,40894,STAFF,,
121571,40894,FAREEJ AL SOUDAN,,
121572,40895,MADINAT KHALIFA NORTH,,
121573,40895,MARKHIYA,,
121574,40895,STAFF,,
121575,40895,WESTBAY,,
121576,40895,ONAIZA,,
121577,40895,LEJBAILAT,,
121579,40895,LEKBA (DUHAIL SOUTH),,
121580,40896,EZDAN 07,,
121581,40896,MESHAF,,
121582,40896,STAFF,,
121583,40897,RAS ABU ABOOD,,
121584,40897,OLD SALATA,,
121585,40897,STAFF,,
121586,40898,MANSOURA,,
121587,40898,STAFF,,
121588,40899,STAFF,,
121589,40899,BARWA MADINATNA,,
121592,40900,WAKRAH,,
121593,40900,STAFF,,
121594,40900,WAKRAH QNB SIDE,,
121595,40900,WAKRAH SOUQ SIDE,,
121596,40901,MATAR QADEEM,,
121597,40901,OLD AIRPORT,,
121598,40901,STAFF,,
121599,40902,BIN OMRAN,,
121600,40902,NEW FEREEJ AL HITMI,,
121601,40902,STAFF,,
121602,40903,ABU HAMOUR,,
121603,40903,STAFF,,
121604,40904,DUHAIL,,
121605,40904,GHARAFA,,
121606,40904,STAFF,,
121607,40904,WESTBAY,,
121608,40904,PEARL QATAR,,
121609,40904,UMMSLAL ALI,,
121610,40905,EZDAN OASIS BLOCK A,,
121611,40905,EZDAN OASIS BLOCK C,,
121612,40905,STAFF,,
121613,40905,EZDAN OASIS BLOCK B,,
121614,40906,EZDAN 10,,
121615,40906,EZDAN 08,,
121616,40906,EZDAN 55,,
121617,40906,EZDAN 58,,
121618,40906,STAFF,,
121619,40906,MESHAF,,
121620,40907,EZDAN 05,,
121621,40907,STAFF,,
121622,40908,WAKRA BEACH SIDE,,
121623,40908,STAFF,,
121624,40908,WAKRAH BHND CBQ,,
121625,40908,WAKRAH BHND KIMS,,
121626,40909,BARWA MADINATNA,,
121627,40909,STAFF,,
121628,40909,BARWA MADINATNA - B,,
121629,40909,BARWA MADINATNA - G,,
121630,40910,EZDAN OASIS D BLOCK,,
121631,40910,STAFF,,
121632,40911,JERRY MUSSABAH,,
121633,40911,EZDAN OASIS BLOCK - B,,
121634,40911,WUKAIR - MUAITHER,,
121635,40911,STAFF,,
121636,40911,WAKRAH SOUTH WEST,,
121638,40911,MESAIEED,,
121639,40880,LEBDAY,,
121640,40912,WUKAIR,,
121641,40912,EZDAN 37,,
121642,40912,EZDAN 31,,
121643,40912,STAFF,,
121644,40912,EZDAN OASIS A BLOCK,,
121645,40912,EZDAN OASIS B BLOCK,,
121646,40912,EZDAN OASIS C BLOCK,,
121647,40912,EZDAN OASIS D BLOCK,,
121648,40912,EZDAN 30,,
121649,40912,EZDAN 40,,
121650,40912,YASMIN VILLAGE,,
121651,40912,EZDAN 28,,
121652,40913,WAKRAH,,
121653,40913,WAKRAH JABAL,,
121654,40913,STAFF,,
121655,40913,WAKRAH SPORTS CLUB,,
121656,40913,WAKRAH QNB SIDE,,
121657,40913,WAKRAH BHND RETAIL MART,,
121658,40914,MESHAF,,
121659,40914,STAFF,,
121662,40915,AL NASR,,
121663,40915,AL SADD,,
121664,40915,STAFF,,
121665,40915,GHARAFA,,
121666,40915,BIN MAHMOUD,,
121667,40915,NEW FAREEJ AL HITMI,,
121668,40916,ABU HAMOUR,,
121669,40916,STAFF,,
121670,40916,AIN KHALID,,
121671,40917,OLD AIRPORT,,
121672,40917,STAFF,,
121673,40918,OLD GHANIM,,
121674,40918,UMM GHWALINA,,
121675,40918,OLD SALATA,,
121676,40918,BHND KEO,,
121677,40918,STAFF,,
121678,40918,MANSOURA,,
121679,40918,NAJMA,,
121680,40919,MUSHEREIB,,
121681,40919,FAREEJ ABDUL AZIZ,,
121682,40919,STAFF,,
121683,40919,DOHA JADEED,,
121684,40920,HILAL,,
121685,40920,NUAIJA,,
121686,40920,STAFF,,
121687,40920,NEW SALATA,,
121688,40921,THUMAMA HEALTH CENTER,,
121689,40921,THUMAMA KAHRAMA,,
121690,40921,THUMAMA B SQUARE MALL,,
121691,40921,NEW THUMAMA,,
121692,40921,STAFF,,
121693,40921,BARWA MADINATNA G,,
121694,40921,MESAIMEER MASAKEEN,,
121695,40921,BARWA CITY,,
121696,40921,MESAIMEER ARIANA,,
121701,40922,STAFF,,
121703,40922,AL SOUDAN,,
121704,40922,AZIZIYA,,
121705,40923,BARWA MADINATNA,,
121706,40923,BARWA VILLAGE,,
121707,40923,STAFF,,
121708,40924,BIN OMRAN,,
121709,40924,FAREEJ KHULAIB,,
121710,40924,STAFF,,
121711,40924,MADINATH KHALIFA SOUTH,,
121712,40829,THUMAMA FAMILY PARK SIDE,,
121713,40925,UMM GHWALINA,,
121714,40925,NAJMA,,
121715,40925,STAFF,,
121716,40925,AL MANSOURA,,
121717,40926,ABU HAMOUR,,
121718,40926,AIN KHALID,,
121719,40926,AZIZIA,,
121720,40926,STAFF,,
121721,40926,MURAIKH AL RAYYAN,,
121722,40926,SHABIYAT KHALIFA,,
121723,40926,AL SUDAN,,
121724,40926,BARWA CITY,,
121725,40927,OLD AIRPORT,,
121726,40927,STAFF,,
121727,40928,MUNTAZAH,,
121728,40928,NEW SALATA,,
121729,40928,MAMOURA,,
121730,40928,STAFF,,
121731,40928,ABU HAMOUR,,
121732,40929,OLD GHANIM,,
121733,40929,OLD SALATA,,
121734,40929,MUSHERIEB,,
121735,40929,STAFF,,
121736,40929,BIN MAHMOUD,,
121737,40930,NUAIJA LULU SIDE,,
121738,40930,NUAIJA TEYSEER SIDE,,
121739,40930,STAFF,,
121740,40931,WAKRAH,,
121741,40931,AL MUFTAH VILLAGE,,
121742,40931,AL MADINATHNA,,
121743,40931,STAFF,,
121744,40931,F RING NEW THUMAMA COMPLEX SIDE,,
121745,40931,MESAIEED,,
121746,40932,BIN OMRAN,,
121747,40932,MADINAT KHALIFA SOUTH,,
121748,40932,AL NASR,,
121749,40932,AL SADD,,
121750,40932,AL HITMI,,
121751,40932,STAFF,,
121752,40932,MADINAT KHALIFA NORTH,,
121753,40932,PEARL QATAR,,
121754,40933,THUMAMA,,
121755,40933,THUMAMA  KAHRAMAA SIDE,,
121756,40933,THUMAMA HEALTH CENTER SIDE,,
121757,40933,STAFF,,
121758,40933,THUMAMA BEHIND ANSAR GALLERY,,
121759,40933,THUMAMA FAMILY PARK SIDE,,
121760,40934,EV 22,,
121761,40934,EZDAN OASIS,,
121762,40934,BARWA CITY,,
121763,40934,WUKAIR,,
121764,40934,STAFF,,
121765,40934,EV 18,,
121766,40934,EV 30,,
121767,40934,EV 31,,
121768,40934,EV 39,,
121769,40934,EV 21,,
121770,40934,EZDAN 24,,
121771,40934,EZDAN 20,,
121772,40935,HILAL CBQ SIDE,,
121773,40935,HILAL AL MEERA SIDE,,
121774,40935,AL MANSOURA,,
121775,40935,STAFF,,
121776,40935,DOHA JADEED,,
121777,40935,ABDUL AZIZ,,
121778,40936,F RING ( NEW THUMAMA ),,
121779,40936,AL JANOUB GARDEN (OPPO EV03 ),,
121780,40936,EV 04,,
121781,40936,EV 05,,
121782,40936,EV 06,,
121783,40936,EV 03,,
121784,40936,EV 07,,
121785,40936,EV 10,,
121786,40936,EV 11,,
121787,40936,EV 55,,
121788,40936,MESHAF,,
121789,40936,WUKAIR T / A,,
121790,40936,STAFF,,
121791,40936,EV 09,,
121792,40936,EV 56,,
121793,40937,AL KHOR - STADIUM SIDE,,
121794,40937,BEHIND KABAYAN,,
121795,40937,AL KHOR BEHIND KABAYAN,,
121796,40937,AL KHOR BEHIND ANSAR GALLERY,,
121797,40937,AL KHOR BEHIND SAFARI,,
121798,40937,STAFF,,
121799,40938,UMM GHWALINA,,
121800,40938,OLD SALATA,,
121801,40938,STAFF,,
121802,40938,OLD AL GHANIM,,
121803,40938,FAREEJ ABDUL AZIZ,,
121804,40938,DOHA JADEED,,
121805,40938,AL WAKRAH,,
121806,40939,MUSHEIREB,,
121807,40939,BIN MAHMOUD,,
121808,40939,AL SAAD,,
121809,40939,AL NASAR,,
121810,40939,AL HITMI,,
121811,40939,STAFF,,
121812,40940,GHARAFA,,
121813,40940,KHARAITIYAT,,
121814,40940,STAFF,,
121815,40940,UMM SLAL MOHAMMED,,
121816,40941,MADINAT KHALIFA SOUTH,,
121817,40941,AL MESSILA,,
121818,40941,STAFF,,
121820,40942,FAREEJ KHULAIB,,
121821,40942,MARKHIYA QSC SIDE,,
121822,40942,STAFF,,
121823,40942,BEHIND AL AHLI  HOSPITAL,,
121824,40943,AL KHOR - LULU SIDE,,
121825,40943,AL KHOR BEHIND NISSAN SHOW ROOM,,
121826,40943,STAFF,,
121827,40944,NAJMA,,
121828,40944,MANSOURA,,
121829,40944,STAFF,,
121830,40944,HILAL AL MEERA SIDE,,
121831,40944,HILAL CBQ SIDE,,
121832,40944,MUMTHAZA,,
121833,40944,NEW SALATA,,
121834,40945,AL KHOR OLD TOYOTA  SIDE,,
121835,40945,AL KHOR BEHIND POLICE STATION,,
121836,40945,AL KHOR BEHIND HABARI,,
121837,40945,AL KHOR OLD SPORTS CLUB,,
121838,40945,STAFF,,
121839,40945,AL THAKHIRA,,
121840,40946,ONAIZA,,
121841,40946,DAFNA,,
121842,40946,PEARL QATAR,,
121843,40946,CITY CENTER,,
121844,40946,STAFF,,
121845,40946,LUSAIL,,
121846,40946,LEGTAIFIYA,,
121847,40947,EZDAN 09,,
121848,40947,EZDAN OASIS,,
121849,40947,EZDAN 05,,
121850,40947,WUKAIR ( T A ),,
121851,40947,WUKAIR,,
121852,40947,MESHAF,,
121853,40947,EZDAN  06,,
121854,40947,STAFF,,
121855,40947,AL JANOUB GARDEN,,
121856,40948,LUQTA,,
121857,40948,AL RAYYAN,,
121858,40948,MUAITHER,,
121859,40948,SHABIYATH KHALIFA,,
121860,40948,STAFF,,
121861,40948,DUHAIL ( BEHIND LAND MARK ),,
121862,40948,MURRAH,,
121863,40948,AIN KHALID,,
121864,40949,ABUHAMOUR,,
121865,40949,AIN KHALID,,
121866,40949,MAMOURA,,
121867,40949,NUAIJA TEYSEER SIDE,,
121868,40949,STAFF,,
121869,40949,OLD AIRPORT,,
121870,40949,NUAIJA LULU SIDE,,
121871,40950,AL KHOR OOREDOO,,
121872,40950,AL KHOR FISH MARKET,,
121873,40950,CORNICHE BEHIND LULU,,
121874,40950,AL KHOR CORNICHE BEHIND LULU,,
121875,40950,STAFF,,
121876,40950,AL SULTAN BEACH,,
121877,40950,AL KHOR BEHIND ALFARDAN,,
121878,40950,AL KHOR BEHIND QNB,,
121879,40951,MADINAT KHALIFA NORTH,,
121880,40951,MARKHIYA MRA,,
121881,40951,STAFF,,
121882,40951,DAFNA BEHIND AL MEERA,,
121883,40952,THUMAMA STADIUM SIDE,,
121884,40952,THUMAMA HEALTH CENTER SIDE,,
121885,40952,STAFF,,
121886,40846,DAFNA,,
121887,40914,EZDAN 03,,
121888,40922,LEBDAY,,
121889,40920,FAREEJ AL ALI,,
121890,40819,BARWA MADINATNA - F,,
121891,40912,EZDAN 21,,
121893,40899,BARWA MADINATNA - H,,
121894,40899,BARWA MADINATNA - I,,
121895,40899,BARWA MADIANTNA - J,,
121896,40909,BARWA MADINATNA - A,,
121897,40909,BARWA MADINATNA - C,,
121900,40909,BARWA MADINATNA - F,,
121902,40951,MARKHIYA MRA SIDE,,
121903,40866,WAKRAH NEAR MOE,,
121904,40912,EZDAN 24,,
121905,40946,WEST BAY ( BEHIND INDIAN EMBASSY ),,
121906,40864,EZDAN 26 (MASSAT AL WAKRAH),,
121907,40946,ZIG ZAG,,
121908,40782,EZDAN 18,,
121909,40875,EZDAN 18,,
121910,40892,AL JANOUB GARDEN CP-02,,
121911,40865,AL JANOUB GARDEN CP-01,,
121912,40920,MUNTAZAH,,
121913,40940,DUHAIL ( Q UNIVERSITY HEALTH C ),,
121914,40913,WAKRAH (BHND OOREDOO),,
121915,40913,WAKRAH (BHND KIMS),,
121916,40891,EZDAN 11,,
121917,40907,EZDAN 04,,
121918,40930,HILAL CBQ,,
121919,40930,HILAL AL MEERA,,
121920,40926,MAMOURA,,
121921,40932,BIN MAHMOUD,,
121922,40928,NUAIJA LULU (FAREEJ AL ALI),,
121923,40928,THUMAMA KHARHAMA SIDE,,
121924,40933,NEW THUMAMA,,
121925,40929,DOHA JADEED,,
121926,40929,FAREEJ ABDUL AZIZ,,
121927,40936,EV 58,,
121928,40885,FAREEJ AL MANASEER,,
121929,40906,UMM BESHAR,,
121931,40953,STAFF,,
121937,40954,MESAEED,,
121938,40954,WAKRAH SOUTH,,
121939,40954,WAKRAH-MUAITHER,,
121940,40954,STAFF,,
121941,40881,ARIANE CITY,,
121944,40941,BIN OMRAN,,
121945,40948,GHARAFA,,
121946,40902,FAREEJ KHULAIB,,
121947,40940,DUHAIL ( BEHIND LAND MARK ),,
121948,40940,DAFNA ( BEHIND AL MEERA ),,
121949,40938,OLD AIRPORT,,
121950,40944,DOHA JADDED,,
121951,40944,FAREEJ ABDUL AZIZ,,
121952,40949,MUAITHER,,
121953,40949,MURRAH,,
121955,40949,NEW SALATA,,
121956,40942,MADINAT KHALIFA NORTH,,
121957,40942,MARKHIYA MRA SIDE,,
121958,40945,AL KHOR BEHIND KABAYAN,,
121959,40953,NEW SLATA,,
121961,40950,AL THAKHIRA,,
121962,40940,MADINAT KHALIFA NORTH,,
121963,40940,MARKHIYA ( MRA SIDE ),,
121964,40942,DUHAIL BEHIND ALMEERA,,
121965,40922,AL WAAB,,
121966,40934,EZDAN 37,,
121967,40953,HILAL WEST (AL MEERA),,
121968,40887,FAREEJ AL ALI,,
121969,40883,WUKAIR SOUTH,,
121970,40883,WUKAIR MUAITHER,,
121971,40952,BARWA MADINATNA,,
121972,40952,YASMIN VILLAGE ( EV45 ),,
121973,40947,JASMIN VILLAGE (EV45),,
121974,40868,AL GHANIM,,
121975,40878,AL GHANIM,,
121976,40877,EZDAN 06,,
121977,40877,MESHAF,,
121978,40955,EZDAN 06,,
121979,40955,MESHAF,,
121980,40955,EZDAN 04,,
121981,40955,EZDAN 05,,
121982,40913,AL MUFTAH VILLAGE,,
121983,40874,OLD AIRPORT - SHOPRITE,,
121984,40874,OLD AIRPORT - RASTEC,,
121985,40876,NEW THUMAMA (THUMAMA MALL),,
121986,40881,BARWA VILLAGE,,
121987,40881,SOUQ AL HARAJ,,
121988,40867,OLD AIRPORT (RASTEC),,
121989,40867,OLD AIRPORT (RAJAGIRI),,
121990,40867,OLD AIRPORT (OLD TRAFFIC STN),,
121991,40867,OLD AIRPORT (AMERICAN ACADEMY),,
121992,40917,OLD AIRPORT (RASTEC),,
121993,40917,OLD AIRPORT (SHOPRITE),,
121994,40917,OLD AIRPORT (RAJAGIRI),,
121995,40917,OLD AIRPORT (AMERICAN ACADEMY),,
121996,40917,OLD AIRPORT (PHCC),,
121997,40917,OLD AIRPORT (BHND LULU),,
121998,40901,OLD AIRPORT (PHCC),,
121999,40901,OLD AIRPORT (BHND LULU),,
122000,40934,EZDAN 26,,
122001,40933,BARWA CITY,,
122002,40897,BHND KEO,,
122003,40934,WUKAIR ( T / A),,
122004,40948,DUHAIL ( BEHIND AL MEERA),,
122005,40903,ABU HAMOUR (BHND PETROL STN),,
122006,40878,NEW THUAMAM (BHND FREE ZONE),,
122007,40881,NEW THUMAMA (BHND FREE ZONE),,
122008,40924,MADINATH KHALIFA NORTH,,
122009,40952,EZDAN 23,,
122010,40947,EZDAN 23,,
122011,40880,AL MURAIKH,,
122012,40885,ABU HAMOUR,,
122016,40883,EZDAN OASIS - STAFF,,
122018,40955,EZDAN 31,,
122019,40904,LAGTAIFIYA,,
122020,40953,RAWDAT AL KHAIL,,
122021,40885,AR RAYYAN,,
122022,40931,MESHAF ( PODAR PEARL SCHOOL SIDE ),,
122023,40934,EV 23,,
122024,40947,EZDAN 04,,
122025,40957,EZDAN OASIS BLOCK A,,
122026,40957,EZDAN OASIS BLOCK B,,
122027,40957,EZDAN OASIS BLOCK C,,
122028,40957,EZDAN OASIS BLOCK D,,
122029,40957,WUKAIR,,
122030,40957,EZAN 21,,
122031,40957,EZDAN 22,,
122032,40957,EZDAN 23,,
122033,40957,EZDAN 24,,
122034,40958,WAKRAH BEACH SIDE,,
122035,40958,WAKRAH OOREDOO SIDE,,
122036,40958,WAKRAH SOUTH,,
122037,40958,WAKRAH BHND KIMS,,
122038,40958,WAKRAH BHND CBQ,,
122039,40958,WAKRAH NR MOI,,
122040,40958,WAKRAH BEHND QNB,,
122041,40958,WAKRAH NR SPORTS CLUB,,
122042,40958,WAKRAH ALMUFTAH,,
122043,40959,MESHAF,,
122044,40959,EZDAN 03,,
122045,40959,EZDAN 04,,
122046,40959,EZDAN 05,,
122047,40959,EZDAN 06,,
122048,40959,JANOUB GARDEN - CP 01,,
122049,40959,JANOUB GARDEN CP 02,,
122050,40960,BARWA MADINATNA,,
122051,40960,BARWA VILLAGE,,
122052,40961,OLD AIRPORT,,
122053,40961,NAJMA,,
122054,40961,MANSOURA,,
122055,40961,OLD AIRPORT (PHCC),,
122056,40961,OLD AIRPORT (LULU),,
122057,40961,OLD AIRPORT (SHOPRITE),,
122058,40961,OLD AIRPORT (RASTEC),,
122059,40961,OLD AIRPORT (AMERICAN ACADEMY),,
122060,40962,MUSHERIEB,,
122061,40962,BIN MAHMOUD,,
122062,40962,AL NASR,,
122063,40962,AL SADD,,
122064,40962,BIN OMRAN,,
122065,40962,MADINATH KHALIFA (SOUTH),,
122066,40962,MADINATH KHALIFA (NORTH),,
122067,40963,ABU HAMOUR,,
122068,40963,AIN KHALID,,
122069,40963,UMM AL SANEEM,,
122070,40963,NUAIJA,,
122071,40963,NEW SALATA,,
122072,40963,HILAL,,
122073,40963,MUNTAZAH,,
122074,40963,FAREEJ AL ALI,,
122075,40963,MAMOURA,,
122076,40959,EZDAN 08,,
122077,40964,BARWA CITY,,
122078,40964,MASAKEIN MESAIMER,,
122079,40964,THUMAMA KAHRAMAA SIDE,,
122080,40964,THUMAMA PHC SIDE,,
122081,40964,THUMAMA MALL SIDE,,
122082,40964,NEW THUMAMA,,
122083,40952,EZDAN 18,,
122084,40912,MESHAF,,
122085,40912,EZDAN 04,,
122088,40912,EZDAN 03,,
122089,40912,EZDAN 08,,
122090,40913,YASMIN VILLAGE,,
122091,40913,EZDAN 40,,
122092,40913,EZDAN 37,,
122093,40913,EZDAN 28,,
122094,40913,EZDAN 30,,
122095,40917,NAJMA,,
122096,40917,MANSOURA,,
122097,40919,BIN MAHMOUD,,
122098,40919,AL SADD,,
122099,40919,BIN OMRAN,,
122100,40916,NUAIJA,,
122101,40916,HILAL,,
122102,40916,NEW SALATA,,
122103,40916,FAREEJ AL ALI,,
122104,40916,MAMOURA,,
122105,40916,MUNTAZA,,
122106,40922,BARWA VILLAGE,,
122107,40922,BARWA MADINATNA,,
122108,40917,OLD GHANIM,,
122109,40919,MADINAT KHALIFA SOUTH,,
122110,40911,EZDAN OASIS BLOCK - C,,
122111,40929,UMM GHWALINA,,
122112,40925,HILAL CBQ,,
122113,40925,HILAL AL MEERA,,
122114,40930,THUMAMA STADIUM SIDE,,
122115,40927,THUMAMA HEALTH CENTER SIDE,,
122116,40927,THUMAMA BEHIND ANSAR GALLERY,,
122117,40917,UMM GHWALINA,,
122118,40958,WAKRAH HOSPITAL SIDE,,
122119,40957,EZDAN 37,,
122120,40904,DUHAIL (EZDAN 2),,
122121,40948,DUHAIL ( BEHIND SHOPPING COMPLEX),,
122122,40957,EZDAN 28,,
122123,40928,NUAIJA NEAR BANGLADESH EMBASSY,,
122124,40917,NUAIJA (TEYSEER SIDE),,
122125,40912,JANOUB GARDEN CP 01,,
122126,40912,JANOUB GARDEN CP 02,,
122127,40914,EZDAN 08,,
122128,40914,EZDAN 21,,
122129,40914,EZDAN 23,,
122130,40914,EZDAN 24,,
122131,40914,JANOUB GARDEN CP01,,
122132,40914,JANOUB GARDEN CP02,,
122133,40914,WUKAIR,,
122134,40959,EZDAN 23,,
122135,40956,WEST BAY,,
122136,40956,ONAIZA,,
122137,40956,DAFNA,,
122138,40956,LAQTAFIYA,,
122139,40956,PEARL QATAR,,
122140,40956,STAFF,,
